abandoned fury	berserker
abandoned fury xii	berserker
abandoned fury xiii	berserker
abhorrent seal	defiler
abolishment	fury
abominate undead	necromancer
abomination	defiler
abomination xii	defiler
abomination xiii	defiler
abominus	defiler
absolute corruption	defiler
absolution	warlock
absolution xii	warlock
absorb magic	coercer,conjuror,illusionist,necromancer,warlock,wizard
abuse	bruiser
abuse xii	bruiser
abuse xiii	bruiser
accord	warlock,wizard
acid	warlock
acid storm	warlock
acid xii	warlock
acid xiii	warlock
acid xiv	warlock
act of war	inquisitor
admonishing smite	inquisitor,templar
adrenaline	berserker
aegolism	templar
aegolism xii	templar
aegolism xiii	templar
aery hunter	conjuror
aggressive defense	berserker
aggressive defense xii	berserker
aggressive defense xiii	berserker
alin's keening lamentation	dirge,troubador
alin's serene serenade	troubador
allegretto	troubador
allegretto xii	troubador
allegretto xiii	troubador
alleviation	inquisitor
alleviation xii	inquisitor
alleviation xiii	inquisitor
amazing reflexes	brigand
ambush	assassin,beastlord,brigand,dirge,ranger,swashbuckler,troubador
ambush xii	assassin
ambush xiii	assassin
ambush xiv	assassin
amends	paladin
amnesia	coercer
ancestral avatar	mystic
ancestral avenger	defiler
ancestral balm	mystic
ancestral bolster	mystic
ancestral mettle	mystic
ancestral mettle xii	mystic
ancestral savior	mystic
ancestral sentry	mystic
ancestral ward	mystic
ancestral ward xii	mystic
ancestral ward xiii	mystic
ancestral ward xiv	mystic
ancient pledge	paladin,shadowknight
ancient shroud	defiler
ancient shroud xii	defiler
ancient shroud xiii	defiler
ancient shroud xiv	defiler
ancient terror	defiler
ancient wrath	paladin
ancient wrath xii	paladin
ancient wrath xiii	paladin
aneurysm	illusionist
aneurysm xii	illusionist
aneurysm xiii	illusionist
anger	berserker,guardian
annihilate	berserker
antagonize	conjuror
antagonize xii	conjuror
antagonize xiii	conjuror
apocalypse	warlock
apply poison	assassin
aqueous soul	conjuror,necromancer
aqueous swarm	conjuror
aqueous swarm xii	conjuror
arcane augur	coercer,conjuror,illusionist,necromancer,warlock,wizard
arcane bindings	coercer,conjuror,illusionist,necromancer,warlock,wizard
arcane symphony	troubador
arcane symphony xii	troubador
arch healing	inquisitor,templar
archer's fury	ranger
archer's fury xii	ranger
archon's resolve	inquisitor
arctic blast	swashbuckler
arctic blast xii	swashbuckler
arctic talon	monk
aria of magic	troubador
aria of magic xii	troubador
armor of nature	fury
armor of nature xii	fury
armor of nature xiii	fury
armor of seasons	warden
armor of seasons xii	warden
armor of seasons xiii	warden
armored	guardian
armored xii	guardian
armored xiii	guardian
arrow rip	ranger
aspect of darkness	warlock
aspect of darkness xii	warlock
aspect of darkness xiii	warlock
aspect of genius	illusionist
aspect of genius xii	illusionist
aspect of genius xiii	illusionist
aspect of the forest	warden
aspect of the forest xii	warden
aspect of the forest xiii	warden
assail	assassin,beastlord,brigand,dirge,ranger,swashbuckler,troubador
assassinate	assassin
assault	guardian
assault xii	guardian
assault xiii	guardian
asylum	coercer
asylum xii	coercer
asylum xiii	coercer
atrophy	defiler
aura of power	coercer,illusionist
aura of void	warlock
aurora	wizard
auspice	defiler,mystic
autumn's kiss	fury
autumn's kiss xii	fury
autumn's kiss xiii	fury
avoid blame	swashbuckler
avoid blame xii	swashbuckler
awaken grave	necromancer
awestruck	templar
back into the fray	fury
back shot	assassin,ranger
backstab	brigand,swashbuckler
backstab xii	brigand
backstab xiii	brigand
backstab xiv	brigand
balanced synergy	assassin,beastlord,berserker,brigand,bruiser,channeler,coercer,conjuror,defiler,dirge,fury,guardian,illusionist,inquisitor,monk,mystic,necromancer,paladin,ranger,shadowknight,swashbuckler,templar,troubador,warden,warlock,wizard
ball lightning	fury
ball of fire	wizard
ball of fire xii	wizard
band of thugs	brigand
bane of warding	defiler
bane of warding xii	defiler
barrier of intellect	illusionist
barroom negotiation	brigand
barroom negotiation xii	brigand
barroom negotiation xiii	brigand
bash	berserker,guardian
bash xii	guardian
bash xiii	guardian
bash xiv	guardian
battery and assault	brigand
battery and assault xii	brigand
battery and assault xiii	brigand
battery and assault xiv	brigand
battle cry	guardian
battle cry xii	guardian
battle cry xiii	guardian
battle tactics	berserker,guardian
battle tactics xii	guardian
battle's reprieve	templar
battlemaster's resolve	berserker
battlerager's resolve	bruiser
beatdown	bruiser
beatdown xii	bruiser
beatdown xiii	bruiser
befuddle	brigand
befuddle xii	brigand
beg for mercy	brigand
beguiler's resolve	illusionist
beneficence	templar
berserk rage	berserker
berserk rage xii	berserker
berserk rage xiii	berserker
berserk rage xiv	berserker
berserker onslaught	berserker
berserker onslaught xii	berserker
bestowal of vitae	inquisitor,templar
bestowal of vitality	inquisitor,templar
bewilderment	illusionist
bind sight	coercer,conjuror,illusionist,necromancer,warlock,wizard
binding light	coercer,illusionist
black jack	brigand
black jack xii	brigand
blackguard	brigand
blackguard xii	brigand
blackguard's resolve	brigand
blade flurry	assassin,ranger
bladeweaver	swashbuckler
bladeweaver xii	swashbuckler
bladeweaver xiii	swashbuckler
blasphemy	shadowknight
blasphemy xii	shadowknight
blasphemy xiii	shadowknight
blaze	warlock,wizard
blaze kick	bruiser
blaze kick xii	bruiser
blaze kick xiii	bruiser
blaze of faith	templar
blazing avatar	conjuror
blazon life	templar
bleed	assassin,ranger
blessed weapon	paladin,shadowknight
blessed weapon xii	paladin
blessed weapon xiii	paladin
blessing of the paladin	paladin
blessing of the paladin xii	paladin
blighted horde	necromancer
blighted horde xii	necromancer
blink	coercer,illusionist
blood rage	berserker
bloodbath	berserker
bloodbath xii	berserker
bloodbath xiii	berserker
bloodcloud	necromancer
bloodcloud xii	necromancer
bloodcoil	necromancer
bloodcoil xii	necromancer
bloodcoil xiii	necromancer
bloodcoil xiv	necromancer
bloodletter	shadowknight
bloodlust	berserker
bloodlust xii	berserker
bloodlust xiii	berserker
bloody reminder	ranger
bloody reminder xii	ranger
bloody reminder xiii	ranger
bloody ritual	necromancer
bloody ritual xii	necromancer
bloody ritual xiii	necromancer
bloom	fury,warden
bludgeon	brigand,swashbuckler
bludgeoning earth	conjuror,necromancer
bob and weave	bruiser
bob and weave xii	bruiser
bob and weave xiii	bruiser
body check	berserker
body check xii	berserker
body check xiii	berserker
body check xiv	berserker
body like mountain	monk
body like mountain xii	monk
bodyguard	bruiser
bodyguard xii	bruiser
bodyguard xiii	bruiser
boil blood	necromancer
bolster	mystic
bolstered health	assassin,beastlord,berserker,brigand,bruiser,channeler,coercer,conjuror,defiler,dirge,fury,guardian,illusionist,inquisitor,monk,mystic,necromancer,paladin,ranger,shadowknight,swashbuckler,templar,troubador,warden,warlock,wizard
bond of ro	wizard
boon of the damned	warlock
boon of the damned xii	warlock
brainburst	illusionist
brainburst xii	illusionist
brainburst xiii	illusionist
brainburst xiv	illusionist
brainshock	coercer
brainshock xii	coercer
brainshock xiii	coercer
brainshock xiv	coercer
brambles	fury
brambles xii	fury
brambles xiii	fury
breath of spirits	defiler,mystic
breathtaking bellow	troubador
breeze	coercer,illusionist
breeze xii	coercer
bria's entrancing sonnet	troubador
bria's entrancing sonnet xii	troubador
bria's inspiring ballad	dirge,troubador
bria's inspiring ballad xii	dirge,troubador
bria's inspiring ballad xiii	dirge,troubador
bruising spirit	bruiser
bruising spirit xii	bruiser
bruising strike	bruiser,monk
brutal execution	bruiser
brutality	bruiser
brutality xii	bruiser
brutality xiii	bruiser
bulwark of order	berserker,bruiser,guardian,monk,paladin,shadowknight
bum rush	brigand
bum rush xii	brigand
bum rush xiii	brigand
burning radiance	warlock,wizard
cacophony of blades	dirge
caliginous whip	defiler
call of shielding	guardian
call of shielding xii	guardian
call of storms	fury
call of the hero	conjuror
call of the hunt	fury
call servant	coercer,conjuror,illusionist,necromancer,warlock,wizard
call to arms	berserker,bruiser,guardian,monk,paladin,shadowknight
call to arms xii	guardian
call to arms xiii	guardian
calm tranquility	monk
calm tranquility xii	monk
calm tranquility xiii	monk
caltrops	assassin
caltrops xii	assassin
caltrops xiii	assassin
cannibalize thoughts	coercer
carrion warding	defiler
carrion warding xii	defiler
carrion warding xiii	defiler
castigate	paladin
cat's eye	conjuror
cataclysm	warlock
cataclysm xii	warlock
cataclysm xiii	warlock
cataclysm xiv	warlock
cautioness	berserker,bruiser,guardian,monk,paladin,shadowknight
cease	wizard
cease xii	wizard
cease xiii	wizard
cerebral lash	coercer,illusionist
cerebral spasm	coercer,illusionist
ceremonial blade	troubador
ceremonial blade xii	troubador
ceremonial blade xiii	troubador
chains of torment	necromancer
challenge	monk
challenge xii	monk
challenge xiii	monk
champion's resolve	guardian
channel	coercer
chaos	berserker
chaos anthem	troubador
chaos xii	berserker
chaos xiii	berserker
charge	paladin,shadowknight
charging tiger	monk
charging tiger xii	monk
charging tiger xiii	monk
charm	coercer,illusionist
charm xii	coercer
charm xiii	coercer
charm xiv	coercer
cheap shot	assassin,beastlord,brigand,dirge,ranger,swashbuckler,troubador
chill	fury,warden
chromatic shower	illusionist
chromatic storm	illusionist
chromatic storm xii	illusionist
chromatic storm xiii	illusionist
circular strike	brigand,swashbuckler
clara's chaotic cacophony	dirge
clara's chaotic cacophony xii	dirge
clarion	paladin
clarion xii	paladin
clarion xiii	paladin
clarion xiv	paladin
cleave flesh	shadowknight
cleave flesh xii	shadowknight
close mind	bruiser
cocky maneuver	swashbuckler
cold wind	defiler,mystic
combat healing	inquisitor,templar
communion	conjuror
concealment	assassin
concussion	berserker,guardian
concussion xii	guardian
concussive	warlock,wizard
condemn	inquisitor
condemn xii	inquisitor
condemn xiii	inquisitor
condemn xiv	inquisitor
conflagration	warlock,wizard
conjuror's pact	conjuror
conjuror's pact xii	conjuror
conjuror's pact xiii	conjuror
consecrate	paladin
consume ego	coercer,illusionist
consume essence	necromancer
consuming inferno	conjuror
consumption	necromancer
contagion	defiler,mystic
control undead	necromancer
controlled rage	berserker
controlled rage xii	berserker
converge	wizard
converge xii	wizard
conversion of the soul	inquisitor
corrupter's resolve	defiler
countersong	troubador
courage	channeler,defiler,fury,inquisitor,mystic,templar,warden
coverage	ranger
crescent strike	monk
crescent strike xii	monk
crescent strike xiii	monk
crippling arrow	ranger
crippling arrow xii	ranger
crippling strike	assassin
crouching tiger	monk
crouching tiger xii	monk
crouching tiger xiii	monk
crusade	paladin
crusade xii	paladin
crusader's judgement	paladin,shadowknight
cry of conviction	paladin,shadowknight
crystal blast	conjuror
crystal blast xii	conjuror
crystal blast xiii	conjuror
crystal blast xiv	conjuror
crystal blast xv	conjuror
crystallize soul	defiler
cunning defense	assassin
cunning defense xii	assassin
cure	channeler,defiler,fury,inquisitor,mystic,templar,warden
cure curse	channeler,defiler,fury,inquisitor,mystic,templar,warden
cure magic	coercer,conjuror,illusionist,necromancer,warlock,wizard
cure noxious	channeler,defiler,fury,inquisitor,mystic,templar,warden
curse of darkness	warlock
curse of darkness xii	warlock
curse of void	warlock
curse of void xii	warlock
cuss	brigand
cuss xii	brigand
daelis' dance of blades	troubador
daelis' dance of blades xii	troubador
daelis' dance of blades xiii	troubador
dancing blade	troubador
dancing blade xii	troubador
dancing blade xiii	troubador
dancing precession	dirge
daring	inquisitor,templar
daring advance	brigand,swashbuckler
daring advance xii	brigand,swashbuckler
daring advance xiii	brigand,swashbuckler
dark blade	shadowknight
dark blade xii	shadowknight
dark blade xiii	shadowknight
dark heart	necromancer
dark infestation	warlock
dark nebula	warlock
dark nebula xii	warlock
dark nebula xiii	warlock
dark pact	warlock
dark pact xii	warlock
dark pact xiii	warlock
dark pyre	warlock
dark pyre xii	warlock
dark pyre xiii	warlock
dark siphoning	warlock
dark siphoning xii	warlock
darksong blade	dirge
darksong blade xii	dirge
darksong blade xiii	dirge
daro's dull blade	dirge
daro's dull blade xii	dirge
daro's dull blade xiii	dirge
daro's sorrowful dirge	dirge
dashing swathe	swashbuckler
dashing swathe xii	swashbuckler
dastardly plan	swashbuckler
daunting gaze	coercer,illusionist
dawnstrike	warden
dawnstrike xii	warden
dawnstrike xiii	warden
dawnstrike xiv	warden
dead calm	dirge
dead calm xii	dirge
deadly focus	assassin
deadly shot	assassin
deadly shot xii	assassin
deadly shot xiii	assassin
death blow	assassin
death cloud	shadowknight
death cloud xii	shadowknight
death cloud xiii	shadowknight
death march	shadowknight
death mark	assassin
death mark xii	assassin
death swarm	fury
death swarm xii	fury
death swarm xiii	fury
death swarm xiv	fury
death's door	dirge
death's door xii	dirge
death's door xiii	dirge
deathknight's resolve	shadowknight
deathly pallor	necromancer
deathward	defiler
debilitate	brigand
deceit	brigand
decimate	guardian
decimation	warlock
decree	paladin
defensive haven	conjuror
defensive haven xii	conjuror
defensive haven xiii	conjuror
defile	defiler
defiling hex ward	defiler
demolish	berserker
demonstration of faith	paladin,shadowknight
demonstration of faith xii	paladin
demonstration of faith xiii	paladin
demoralizing processional	troubador
deny	inquisitor
deny xii	inquisitor
deny xiii	inquisitor
depart	wizard
depressing chant	troubador
depressing chant xii	troubador
depressing chant xiii	troubador
desperate thrust	brigand
destructive mind	coercer
destructive mind xii	coercer
destructive rage	berserker
destructive rage xii	berserker
deteriorate	mystic
deteriorate xii	mystic
deteriorate xiii	mystic
devastation fist	bruiser,monk
devious blade	swashbuckler
devious evasion	shadowknight
devoted resolve	templar
devour	fury
devour vitae	shadowknight
devour vitae xii	shadowknight
devouring mist	shadowknight
devout sacrament	paladin
devout sacrament xii	paladin
dire balm	defiler
dire balm xii	defiler
dire balm xiii	defiler
dire balm xiv	defiler
dire balm xv	defiler
dirges refrain	dirge
dirty tricks	assassin,beastlord,brigand,dirge,ranger,swashbuckler,troubador
disarming grin	swashbuckler
discordant verse	troubador
disheartening descant	dirge,troubador
disheartening descant xii	dirge,troubador
dismay	illusionist
dismay xii	illusionist
dismember	berserker
disorientation	inquisitor
disorientation xii	inquisitor
disorientation xiii	inquisitor
dispatch	brigand
dissociate limbs	guardian
dissolve	warlock
dissolve xii	warlock
dissolve xiii	warlock
dissolve xiv	warlock
dissolve xv	warlock
distortion	warlock
distortion xii	warlock
distract	inquisitor,templar
distracting blade	brigand,swashbuckler
divide and conquer	bruiser
divine arbitration	templar
divine awakening	inquisitor,templar
divine execution	monk
divine favor	paladin
divine inspiration	paladin
divine inspiration xii	paladin
divine inspiration xiii	paladin
divine provenance	inquisitor
divine providence	channeler,defiler,fury,inquisitor,mystic,templar,warden
divine smite	templar
divine smite xii	templar
divine smite xiii	templar
divine smite xiv	templar
divine strike	templar
divine strike xii	templar
divine strike xiii	templar
divine strike xiv	templar
divine vengeance	paladin
divine vengeance xii	paladin
divine vengeance xiii	paladin
divine's resolve	templar
dogma	inquisitor
doom judgment	paladin,shadowknight
dooming darkness	necromancer
doppelganger	illusionist
double blast	brigand
double blast xii	brigand
double up	brigand
double-cross	swashbuckler
double-cross xii	swashbuckler
double-cross xiii	swashbuckler
dragon rage	monk
dragon rage xii	monk
dragon's resolve	monk
dragonfire	monk
dreadful wrath	shadowknight
dust blast	conjuror,necromancer
earthen avatar	conjuror
earthen avatar xii	conjuror
earthen avatar xiii	conjuror
earthen avatar xiv	conjuror
earthly brand	conjuror,necromancer
earthquake	conjuror
earthquake xii	conjuror
ebbing spirit	mystic
echoes of the ancients	mystic
echoes of the ancients xii	mystic
effloresce	fury,warden
ego shock	coercer,illusionist
ego shock xii	coercer
ego shock xiii	coercer
eidolic ward	defiler,mystic
elegy at death's door	dirge
elegy of awakening	dirge
elemental aspect	conjuror
elemental aspect xii	conjuror
elemental aspect xiii	conjuror
elemental concerto	troubador
elemental unity	conjuror
elixir of resuscitation	paladin
emberstrike	ranger
emberstrike xii	ranger
emberstrike xiii	ranger
emberstrike xiv	ranger
en garde	swashbuckler
encase	warlock
encase xii	warlock
enduring breath	channeler,defiler,fury,inquisitor,mystic,templar,warden
enhanced cataclysm	warlock
enhanced ice comet	wizard
enrage	berserker
enrage xii	berserker
enrage xiii	berserker
enraging demeanor	coercer
ensnare	assassin,beastlord,brigand,dirge,ranger,swashbuckler,troubador
ensnare xii	ranger
ensnare xiii	ranger
entangle	brigand
entrance	illusionist
entrance xii	illusionist
epiphany	illusionist
epiphany xii	illusionist
equinox	warden
equity of discord	assassin,beastlord,berserker,brigand,bruiser,channeler,coercer,conjuror,defiler,dirge,fury,guardian,illusionist,inquisitor,monk,mystic,necromancer,paladin,ranger,shadowknight,swashbuckler,templar,troubador,warden,warlock,wizard
equity of health	assassin,beastlord,berserker,brigand,bruiser,channeler,coercer,conjuror,defiler,dirge,fury,guardian,illusionist,inquisitor,monk,mystic,necromancer,paladin,ranger,shadowknight,swashbuckler,templar,troubador,warden,warlock,wizard
escape	assassin,beastlord,brigand,dirge,ranger,swashbuckler,troubador
essence of the great bear	warden
essence of the great bear xii	warden
essence shift	conjuror,necromancer
essence shift xii	conjuror
essence shift xiii	conjuror
eulogist's resolve	dirge
evade	assassin,beastlord,brigand,dirge,ranger,swashbuckler,troubador
evade xii	assassin,beastlord,brigand,dirge,ranger,swashbuckler,troubador
evade xiii	assassin,beastlord,brigand,dirge,ranger,swashbuckler,troubador
everburning flame	monk
evidence of faith	inquisitor
eviscerate	assassin
eviscerate xii	assassin
eviscerate xiii	assassin
exacting	assassin
exquisite torment	shadowknight
extract mana	illusionist
extract mana xii	illusionist
extract mana xiii	illusionist
eye gouge	bruiser
eye gouge xii	bruiser
fae fire	fury
faerie ally	warden
faith strike	paladin
faith strike xii	paladin
faith strike xiii	paladin
faithful swing	paladin,shadowknight
fall of the phoenix	monk
fanatic's faith	inquisitor
fanatic's faith xii	inquisitor
fanatical healing	inquisitor
fanatical healing xii	inquisitor
fanatical healing xiii	inquisitor
fanatical healing xiv	inquisitor
fanaticism	inquisitor
fancy footwork	brigand,swashbuckler
fancy footwork xii	swashbuckler
fascinate	coercer,illusionist
fast strike	assassin,beastlord,brigand,dirge,ranger,swashbuckler,troubador
fatal followup	assassin
favor of the phoenix	fury,warden
favor of the wild	warden
favor of the wild xii	warden
fear	necromancer
feast	fury
feign death	bruiser,monk
feral pulse	fury
feral tenacity	fury
ferocity of the eel	fury
fervent faith	inquisitor
fields of the grey	mystic
fierce rousing	fury
fiery annihilation	conjuror
fiery annihilation xii	conjuror
fiery annihilation xiii	conjuror
fiery annihilation xiv	conjuror
fiery magician	conjuror
fiery magician xii	conjuror
fighting chance	berserker,bruiser,guardian,monk,paladin,shadowknight
fire seed	conjuror
fire seed xii	conjuror
firestorm	wizard
firestorm xii	wizard
firestorm xiii	wizard
five rings	monk
five rings xii	monk
flamboyant strike	swashbuckler
flames of velious	warlock,wizard
flameshield	conjuror
flameshield xii	conjuror
flash of brilliance	illusionist
flash of brilliance xii	illusionist
flash of steel	swashbuckler
flash of steel xii	swashbuckler
flash of steel xiii	swashbuckler
flash of steel xiv	swashbuckler
flourishing strike	swashbuckler
flow like wind	monk
flow like wind xii	monk
flow like wind xiii	monk
flurry of blades	swashbuckler
flurry of blades xii	swashbuckler
flying kick	bruiser,monk
flying scissors	monk
focus aim	ranger
focused intervention	templar
focused offensive	guardian
focused strike	bruiser,monk
forced arbitration	brigand
forced hesitation	coercer
forced obedience	inquisitor
forced obedience xii	inquisitor
forced swing	berserker,guardian
forest spirit	fury
forest spirit xii	fury
foretold prophecy	coercer
fortify elements	wizard
fortify elements xii	wizard
fortify elements xiii	wizard
forward charge	guardian
forward charge xii	guardian
forward charge xiii	guardian
freeze	warlock,wizard
freezing whorl	warlock,wizard
frenzy	berserker
frigid gift	wizard
frostbite	warden
frostbite xii	warden
frozen manacles	warlock,wizard
frozen palm	monk
frozen palm xii	monk
frozen palm xiii	monk
fuliginous whip	defiler
fuliginous whip xii	defiler
furnace of ro	wizard
fusion	wizard
garsin's funeral march	dirge
gather remains	channeler,defiler,fury,inquisitor,mystic,templar,warden
geotic rune	conjuror
geotic rune xii	conjuror
geotic rune xiii	conjuror
ghostly ward	defiler,mystic
gift of bertoxxulous	warlock
gift of the magi	coercer,conjuror,illusionist,necromancer,warlock,wizard
glacial flames	mystic
glacial flames xii	mystic
glacial wind	wizard
glacial wind xii	wizard
gloom	coercer,illusionist
glory	templar
gouge	brigand,swashbuckler
gouge xii	brigand
graceful avoidance	troubador
graceful avoidance xii	troubador
grasp of bertoxxulous	warlock
grasp of bertoxxulous xii	warlock
grasp of bertoxxulous xiii	warlock
grasping bones	necromancer
grave sacrament	shadowknight
grave sacrament xii	shadowknight
gravelord's resolve	necromancer
gravitas	dirge
greater regrowth	fury,warden
greater smite	inquisitor,templar
grey wind	defiler,mystic
grim harbinger	shadowknight
grim harbinger xii	shadowknight
grim harbinger xiii	shadowknight
grim sorcerer	necromancer
grim sorcerer xii	necromancer
grisly protection	necromancer
grisly protection xii	necromancer
grisly protection xiii	necromancer
guardian sphere	guardian
gushing wound	assassin
gushing wound xii	assassin
gushing wound xiii	assassin
gushing wound xiv	assassin
gut	assassin
gut kick	guardian
gut kick xii	guardian
gut kick xiii	guardian
gut rip	brigand
hadooken	bruiser
hamstring	swashbuckler
hamstring xii	swashbuckler
hangman's noose	swashbuckler
hangman's noose xii	swashbuckler
hangman's noose xiii	swashbuckler
harbinger	defiler
harbinger xii	defiler
harbinger xiii	defiler
harl's rousing tune	dirge
harl's rousing tune xii	dirge
harl's rousing tune xiii	dirge
harl's rousing tune xiv	dirge
harm touch	shadowknight
harm touch xii	shadowknight
harmony	templar
harmony xii	templar
harmony xiii	templar
harvest mana	wizard
harvest mana xii	wizard
hateful slam	shadowknight
hateful slam xii	shadowknight
hateful slam xiii	shadowknight
hawk attack	ranger
haze	mystic
head crush	berserker
head crush xii	berserker
head shot	assassin
head shot xii	assassin
heal servant	conjuror
heal servant xii	conjuror
heal servant xiii	conjuror
heal servant xiv	conjuror
healing	channeler,defiler,fury,inquisitor,mystic,templar,warden
healing fate	templar
healing fate xii	templar
healing grove	warden
healing ritual	defiler,mystic
healstorm	warden
healstorm xii	warden
healstorm xiii	warden
heart of the storm	fury
hemorrhage	coercer
hemorrhage xii	coercer
hemorrhage xiii	coercer
hemorrhage xiv	coercer
hemorrhage xv	coercer
heresy	inquisitor
heretic's doom	inquisitor
heretic's doom xii	inquisitor
heroic dash	paladin
heroic dash xii	paladin
heroic dash xiii	paladin
hibernation	fury
hidden shot	ranger
hidden shot xii	ranger
hierophant's resolve	warden
hierophantic genesis	warden
hilt strike	assassin,beastlord,brigand,dirge,ranger,swashbuckler,troubador
hold the line	berserker,guardian
hold the line xii	guardian
hold the line xiii	guardian
holdup	brigand
holdup xii	brigand
holdup xiii	brigand
holy aid	paladin
holy aid xii	paladin
holy aid xiii	paladin
holy armor	templar
holy armor xii	templar
holy armor xiii	templar
holy circle	paladin
holy circle xii	paladin
holy circle xiii	paladin
holy ground	paladin
holy intercession	templar
holy intercession xii	templar
holy intercession xiii	templar
holy salvation	templar
holy stampede	paladin
holy strike	paladin
holy strike xii	paladin
honed reflexes	assassin,ranger
hostage	coercer
hostage xii	coercer
howl of death	dirge
howl of death xii	dirge
howl of the damned	necromancer
howl of the damned xii	necromancer
howl of the damned xiii	necromancer
hunker down	berserker,guardian
hunker down xii	guardian
hunker down xiii	guardian
hunter's instinct	assassin,ranger
hunter's instinct xii	ranger
hunter's instinct xiii	ranger
huntmaster	ranger
hurricane	swashbuckler
hymn of horror	dirge
hyran's seething sonata	dirge
ice comet	wizard
ice spears	wizard
ice spears xii	wizard
ice spears xiii	wizard
ice spears xiv	wizard
ice spike	warlock,wizard
ice storm	conjuror
ice storm xii	conjuror
ice storm xiii	conjuror
ice storm xiv	conjuror
icefall	warden
icefall xii	warden
icefall xiii	warden
icefall xiv	warden
iceshield	wizard
iceshield xii	wizard
ignore pain	bruiser
illusionary mindstorm	illusionist
illusory allies	illusionist
illusory mask	illusionist
immobilize	conjuror,necromancer
immobilizing lunge	ranger
immobilizing lunge xii	ranger
immobilizing lunge xiii	ranger
immolation	wizard
immolation xii	wizard
immolation xiii	wizard
impale	assassin,ranger
impale xii	assassin
impale xiii	assassin
imprecate	defiler
imprecate xii	defiler
imprecate xiii	defiler
imprecate xiv	defiler
improved arch healing	channeler,defiler,fury,inquisitor,mystic,templar,warden
improvised weapon	assassin
incarcerate	inquisitor
incinerate	warlock,wizard
incinerate xii	wizard
incinerate xiii	wizard
incinerate xiv	wizard
indomitable will	bruiser,monk
indomitable will xii	bruiser
indomitable will xiii	bruiser
inflame	paladin,shadowknight
inner calm	monk
inner calm xii	monk
inner calm xiii	monk
innoruuk's caress	shadowknight
innoruuk's caress xii	shadowknight
innoruuk's caress xiii	shadowknight
innoruuk's caress xiv	shadowknight
inquest	inquisitor
inquisition	inquisitor
insatiable ardor	dirge,troubador
insidious whisper	shadowknight
insidious whisper xii	shadowknight
insidious whisper xiii	shadowknight
insidious whisper xiv	shadowknight
insolence	berserker
inspired daring	swashbuckler
instill panic	bruiser,monk
instinct	warden
instinct xii	warden
intercept	berserker,bruiser,guardian,monk,paladin,shadowknight
intimidate	bruiser
intimidate xii	bruiser
intimidation	fury
intimidation xii	fury
intimidation xiii	fury
invective	defiler
invisibility	conjuror,necromancer
invocation	inquisitor
invocation xii	inquisitor
invocation xiii	inquisitor
invocation xiv	inquisitor
involuntary gift	templar
iron will	guardian
iron will xii	guardian
jael's dreadful deprivation	dirge
jael's dreadful deprivation xii	dirge
jael's mysterious mettle	dirge
jael's mysterious mettle xii	dirge
jarol's sorrowful requiem	dirge
jarol's sorrowful requiem xii	dirge
jester's cap	troubador
judgment	paladin
judgment xii	paladin
judgment xiii	paladin
judgment xiv	paladin
juggernaut	berserker
jugular slice	assassin
jugular slice xii	assassin
justicar's resolve	paladin
karana's hold	fury
kick	berserker,bruiser,guardian,monk,paladin,shadowknight
kidney stab	swashbuckler
kidney stab xii	swashbuckler
kidney stab xiii	swashbuckler
killing instinct	ranger
knee break	berserker,guardian
knee break xii	berserker
knee break xiii	berserker
knight's stance	paladin
knight's stance xii	paladin
knight's stance xiii	paladin
knockout combination	bruiser
lamenting soul	mystic
lanet's excruciating scream	dirge
lanet's excruciating scream xii	dirge
lay on hands	paladin
lay on hands xii	paladin
let it burn	wizard
lethal focus	coercer
lethargy	mystic
lich	necromancer
lifetap	necromancer
lifetap xii	necromancer
lightning burst	coercer,conjuror,illusionist,necromancer,warlock,wizard
lightning fists	bruiser
lightning fists xii	bruiser
lightning palm	monk
lightning palm xii	monk
lightning shock	coercer,conjuror,illusionist,necromancer,warlock,wizard
lightning strike	ranger
lightning strike xii	ranger
lightning strike xiii	ranger
lightning strike xiv	ranger
litany	inquisitor
lockdown	illusionist
lucan's pact	shadowknight
lucan's pact xii	shadowknight
lucan's pact xiii	shadowknight
lucidity	fury
lucidity xii	fury
lucidity xiii	fury
lucky break	assassin,beastlord,brigand,dirge,ranger,swashbuckler,troubador
lucky gambit	swashbuckler
lucky gambit xii	swashbuckler
lucky gambit xiii	swashbuckler
lucky gambit xiv	swashbuckler
luda's nefarious wail	dirge
luda's nefarious wail xii	dirge
luda's nefarious wail xiii	dirge
luda's nefarious wail xiv	dirge
lullaby	troubador
lunar attendant	mystic
lung puncture	swashbuckler
maddening swarm	fury
maelstrom	defiler
maestro's resolve	troubador
maestros harmony	troubador
magi's shielding	coercer,conjuror,illusionist,necromancer,warlock,wizard
magma chamber	wizard
magma chamber xii	wizard
magma chamber xiii	wizard
mail of frost	wizard
mail of souls	defiler
makeshift arrows	ranger
makeshift arrows xii	ranger
malevolent diatribe	inquisitor
malevolent diatribe xii	inquisitor
malevolent diatribe xiii	inquisitor
malfeasance	defiler
malice	shadowknight
malice xii	shadowknight
malice xiii	shadowknight
malice xiv	shadowknight
mana cloak	coercer,illusionist
mana intromission	wizard
mana sieve	shadowknight
mana trickle	warlock
manatap	illusionist
mangle	berserker,guardian
manhandle	bruiser
manhandle xii	bruiser
marauder's vaunt	swashbuckler
mark of divinity	templar
mark of divinity xii	templar
mark of pawns	inquisitor,templar
martial focus	bruiser,monk
masked strike	assassin
masked strike xii	assassin
masked strike xiii	assassin
massacre	assassin
massacre xii	assassin
master of the hunt	fury
master of the hunt xii	fury
master's intervention	conjuror
maul	berserker
maul xii	berserker
maul xiii	berserker
medusa gaze	coercer
medusa gaze xii	coercer
medusa gaze xiii	coercer
medusa gaze xiv	coercer
meliorate	templar
meliorate xii	templar
meliorate xiii	templar
meliorate xiv	templar
meliorate xv	templar
mend	monk
merciless melody	dirge,troubador
merciless stomp	bruiser
merciless stomp xii	bruiser
merciless stomp xiii	bruiser
mesmerize	coercer
mesmerize xii	coercer
meteor fist	bruiser
meteor fist xii	bruiser
meteor fist xiii	bruiser
mind blast	coercer,illusionist
mind's eye	coercer
mindbend	coercer
mindful melody	troubador
minion translocation	conjuror,necromancer
minion's stance: agitation	conjuror,necromancer
minion's stance: protective brace	conjuror,necromancer
ministration	inquisitor
ministration xii	inquisitor
ministration xiii	inquisitor
ministration xiv	inquisitor
ministration xv	inquisitor
minor arch healing	channeler,defiler,fury,inquisitor,mystic,templar,warden
minor healing	channeler,defiler,fury,inquisitor,mystic,templar,warden
miracle shot	ranger
miragul's dark heart summoning	necromancer
misfortune's kiss	dirge
misfortune's kiss xii	dirge
misfortune's kiss xiii	dirge
misfortune's kiss xiv	dirge
mock	berserker
mock xii	berserker
mock xiii	berserker
mock xiv	berserker
moderate	guardian
mortal blade	assassin
mortal blade xii	assassin
mortal embrace	shadowknight
mortality mark	necromancer
mortality mark xii	necromancer
mountain stance	monk
mug	brigand
mug xii	brigand
mug xiii	brigand
murderous design	assassin
murderous rake	brigand
murderous rake xii	brigand
mutilate	berserker
mutilate xii	berserker
mutilate xiii	berserker
mystical hex ward	mystic
najena's essence summoning	conjuror
natural combustion	fury
natural infusion	warden
natural selection	ranger
natural selection xii	ranger
nature's elixir	fury
nature's elixir xii	fury
nature's elixir xiii	fury
nature's elixir xiv	fury
nature's embrace	warden
nature's embrace xii	warden
nature's embrace xiii	warden
nature's embrace xiv	warden
nature's pack	warden
nature's renewal	warden
nature's salve	fury
nature's salve xii	fury
nature's salve xiii	fury
nature's salve xiv	fury
nature's salve xv	fury
nature's touch	warden
necromantic pact	necromancer
necromantic pact xii	necromancer
necromantic pact xiii	necromancer
necrotic blade	assassin
necrotic reconstruction	necromancer
necrotic reconstruction xii	necromancer
necrotic reconstruction xiii	necromancer
necrotic reconstruction xiv	necromancer
nereid's boon	warden
netherealm	warlock
netherlord	warlock
netherous bind	warlock
nettleshield	fury,warden
never surrender	guardian
night strike	troubador
night strike xii	troubador
night strike xiii	troubador
night strike xiv	troubador
nightmare	illusionist
nightmare xii	illusionist
nightmare xiii	illusionist
nightshade	necromancer
nightshade's resolve	assassin
noxious efflux	defiler
noxious efflux xii	defiler
noxious symphony	dirge
noxious symphony xii	dirge
null caress	warlock
nullify	warlock
nullify xii	warlock
nullify xiii	warlock
nullmail	warlock
numbing cold	wizard
oberon	mystic
obliterated psyche	coercer
obliterated psyche xii	coercer
odyssey	inquisitor,templar
one hundred hand punch	bruiser
one hundred hand punch xii	bruiser
open shot	assassin,ranger
open wounds	berserker
oration of sacrifice	dirge
outward calm	monk
overpower	guardian
overpower xii	guardian
overpower xiii	guardian
overwhelming force	berserker
overwhelming silence	coercer,illusionist
pact of the cheetah	fury
painbringer	shadowknight
painbringer xii	shadowknight
painbringer xiii	shadowknight
painful lamentations	troubador
painful lamentations xii	troubador
painful meditation	warlock,wizard
pandemic	necromancer
pandemic xii	necromancer
pandemic xiii	necromancer
pandemic xiv	necromancer
paralyzing strike	assassin
paranoia	illusionist
paranoia xii	illusionist
paranoia xiii	illusionist
paranoia xiv	illusionist
path of the grey	mystic
pathfinding	assassin,beastlord,brigand,dirge,ranger,swashbuckler,troubador
peaceful link	coercer
peal of battle	dirge
peel	monk
peerless predator	fury
peerless predator xii	fury
pelting earth	conjuror,necromancer
penance	inquisitor
penance xii	inquisitor
penance xiii	inquisitor
penance xiv	inquisitor
penitent kick	paladin
penitent kick xii	paladin
penitent kick xiii	paladin
percussion of stone	dirge
perdition	warlock
perfect finesse	swashbuckler
perfect shrill	troubador
perfect shrill xii	troubador
perfect shrill xiii	troubador
perfect shrill xiv	troubador
perfection of the maestro	troubador
perforate	brigand
performer's talent	dirge,troubador
personae reflection	illusionist
personae reflection xii	illusionist
personae reflection xiii	illusionist
personae reflection xiv	illusionist
pestilence	shadowknight
petrify	conjuror,necromancer
petrify xii	conjuror
phantasm	defiler,mystic
phantasmal awe	illusionist
phantom troupe	illusionist
phase	illusionist
photosynthesis	warden
photosynthesis xii	warden
photosynthesis xiii	warden
photosynthesis xiv	warden
pierce	assassin,ranger
piercing shriek	dirge,troubador
pirate's resolve	swashbuckler
plague	mystic
plague xii	mystic
plague xiii	mystic
plague xiv	mystic
plaguebringer's resolve	warlock
plane shift	conjuror
planewalker's resolve	conjuror
plant	guardian
pledge of armament	paladin,shadowknight
pledge of armament xii	paladin,shadowknight
point blank	ranger
poisonous plan	brigand
polar fire	mystic
porcupine	fury
portal	wizard
possess essence	coercer
pounce	assassin,ranger
power cleave	paladin,shadowknight
power cleave xii	paladin
power of mind	coercer
power of mind xii	coercer
power of mind xiii	coercer
power strike	bruiser,monk
prayer of amelioration	inquisitor,templar
prayer of healing	paladin
prayer of healing xii	paladin
prayer of healing xiii	paladin
precise strike	guardian
precise strike xii	guardian
premonition	mystic
premonition xii	mystic
premonition xiii	mystic
primal fury	fury
primal fury xii	fury
primal reflexes	ranger
primeval awakening	fury
primordial flame	warden
prismatic chaos	illusionist
prismatic chaos xii	illusionist
prophetic ward	mystic
protoflame	wizard
provoke	berserker,bruiser,guardian,monk,paladin,shadowknight
provoke xii	guardian
provoke xiii	guardian
provoke xiv	guardian
provoking swarm	fury,warden
pummel	bruiser
pummel xii	bruiser
pummel xiii	bruiser
puncture	brigand
puncture xii	brigand
puncture xiii	brigand
puncture xiv	brigand
puppetmaster	coercer
puppetmaster's resolve	coercer
pure awe	coercer
purifying flames	inquisitor
purifying flames xii	inquisitor
purulence	defiler
putrefy	defiler
putrefy xii	defiler
putrefy xiii	defiler
putrefy xiv	defiler
quick flurry	brigand,swashbuckler
quick strike	assassin,beastlord,brigand,dirge,ranger,swashbuckler,troubador
quick strike xii	assassin
quick strike xiii	assassin
quick strike xiv	assassin
quicksand	conjuror
radiance	inquisitor,templar
radiant strike	inquisitor,templar
raging blow	berserker
raging blow xii	berserker
raging blow xiii	berserker
raging blow xiv	berserker
rallying cry	berserker,guardian
rampage	berserker
ranger's blade	ranger
ranger's blade xii	ranger
ranger's blade xiii	ranger
rapid swings	bruiser,monk
rapidity	illusionist
rapturous strike	templar
raxxyl's rousing tune	troubador
raxxyl's rousing tune xii	troubador
raxxyl's rousing tune xiii	troubador
raxxyl's rousing tune xiv	troubador
rays of disintegration	wizard
razor edge	swashbuckler
razor edge xii	swashbuckler
reactive shell	bruiser
reanimate	defiler
rear shot	ranger
rear shot xii	ranger
rear shot xiii	ranger
rebuke	inquisitor,templar
rebuke xii	templar
rebuke xiii	templar
rebuke xiv	templar
recall of the grey	mystic
recapture	guardian
reckless aide	berserker
reconnoiter	assassin,ranger
redemption	inquisitor
redoubt	inquisitor,templar
reek of terror	coercer
reforming soul	inquisitor
refusal of atonement	paladin
regalia	illusionist
regenerating spores	warden
regrowth	fury,warden
regrowth xii	fury
regrowth xiii	fury
regrowth xiv	fury
reincarnation	warden
reinforcement	guardian
rejuvenating celebration	troubador
rejuvenation	mystic
rejuvenation xii	mystic
rejuvenation xiii	mystic
rejuvenation xiv	mystic
rejuvenation xv	mystic
rending	necromancer
reparations	paladin
repent	templar
repentance	inquisitor
repentance xii	inquisitor
requiem of reflection	troubador
rescue	berserker,bruiser,guardian,monk,paladin,shadowknight
resolute faith	paladin
resolute flagellant	inquisitor
restoration	templar
restoration xii	templar
restoration xiii	templar
restoration xiv	templar
resurgence	inquisitor
resurrect	templar
retaliate	guardian
reveal fate	templar
reverence	templar
revive	channeler,defiler,fury,inquisitor,mystic,templar,warden
revivication	necromancer
riana's relentless tune	dirge
riana's relentless tune xii	dirge
riana's relentless tune xiii	dirge
rift	warlock
righteous anger	paladin,shadowknight
righteous blow	paladin,shadowknight
righteousness	paladin
righteousness xii	paladin
righteousness xiii	paladin
ring of fire	fury
ring of ice	wizard
rising dragon	monk
rising dragon xii	monk
rising phoenix	monk
rising phoenix xii	monk
rising phoenix xiii	monk
ritual healing	mystic
ritual healing xii	mystic
ritual healing xiii	mystic
ritual healing xiv	mystic
ro's blade	wizard
ro's blade xii	wizard
ro's blade xiii	wizard
roaring flames	conjuror
rob	brigand
rob xii	brigand
rob xiii	brigand
rob xiv	brigand
rock skin	bruiser
root	warden
roundhouse	bruiser
roundhouse kick	monk
roundhouse kick xii	monk
roundhouse kick xiii	monk
roundhouse xii	bruiser
roundhouse xiii	bruiser
rousing tune	dirge,troubador
ruin	guardian
ruin xii	guardian
ruin xiii	guardian
rune of thought	illusionist
rune of thought xii	illusionist
rune of thought xiii	illusionist
runepriest's resolve	mystic
runic armor	mystic
runic armor xii	mystic
runic armor xiii	mystic
rupture	berserker
rupture xii	berserker
rupture xiii	berserker
ruthless cunning	brigand,swashbuckler
sacred armor	inquisitor
sacred armor xii	inquisitor
sacred armor xiii	inquisitor
sacrifice	conjuror
sacrificial restoration	defiler
sacrificial restoration xii	defiler
sacrificial restoration xiii	defiler
sacrificial restoration xiv	defiler
sanctifying flames	inquisitor
sanctuary	templar
sandra's deafening strike	troubador
sandra's deafening strike xii	troubador
sandra's deafening strike xiii	troubador
sandra's deafening strike xiv	troubador
sandstorm	warden
savage assault	bruiser
savante	illusionist
saving grace	guardian
scorch	warlock,wizard
scream of death	dirge
searing shot	ranger
searing shot xii	ranger
searing shot xiii	ranger
see invisibility	coercer,conjuror,illusionist,necromancer,warlock,wizard
seism	conjuror,necromancer
self preservation	brigand,swashbuckler
selo's accelerando	dirge,troubador
senescence	defiler
sentinel	guardian
sentry watch	guardian
sever	guardian
sever xii	guardian
sever xiii	guardian
shackle	wizard
shackle xii	wizard
shackle xiii	wizard
shadebringer	ranger
shadow blade	assassin,ranger
shadow coil	shadowknight
shadow coil xii	shadowknight
shadow slip	brigand,swashbuckler
shadowsight	warlock
shadowy elusion	shadowknight
shanghai	swashbuckler
shanghai xii	swashbuckler
shanghai xiii	swashbuckler
shanghai xiv	swashbuckler
shank	brigand
shard of essence	conjuror
shard storm	conjuror
shattered earth	conjuror
shattered earth xii	conjuror
shenanigans	brigand
shenanigans xii	brigand
shield of faith	templar
shift mana	coercer
shift mana xii	coercer
shift mana xiii	coercer
shift vision	illusionist
shock wave	coercer
shoulder charge	bruiser,monk
shoulder charge xii	bruiser
shoulder charge xiii	bruiser
shout	berserker,bruiser,guardian,monk,paladin,shadowknight
shout xii	guardian
shout xiii	guardian
shrink servant	coercer,conjuror,illusionist,necromancer,warlock,wizard
shroud	dirge,troubador
shroud of armor	defiler
shroud of armor xii	defiler
shroud of armor xiii	defiler
shroud of bertoxxulous	warlock
shroud of bertoxxulous xii	warlock
shrouded strike	assassin,ranger
shrug off	bruiser
sigil of heroism	paladin
sign of pacification	templar
signet of intellect	coercer
signet of intellect xii	coercer
signet of intellect xiii	coercer
signet of intuition	coercer,illusionist
silence	coercer
silence xii	coercer
silent palm	monk
silent threat	monk
silent threat xii	monk
silent threat xiii	monk
silent threat xiv	monk
simple minds	coercer
simple minds xii	coercer
simple minds xiii	coercer
singing shot	dirge,troubador
singing shot xii	troubador
sinister countenance	defiler
sinister countenance xii	defiler
siphon strength	shadowknight
siphon strike	shadowknight
siphon strike xii	shadowknight
siphon strike xiii	shadowknight
siphoning of souls	necromancer
skeletal grasp	warlock
slam	guardian
slam xii	guardian
sleight of hand	swashbuckler
slip away	assassin
slothful spirit	mystic
slurred insult	bruiser
slurred insult xii	bruiser
slurred insult xiii	bruiser
slurred insult xiv	bruiser
smite	channeler,defiler,fury,inquisitor,mystic,templar,warden
smite corruption	inquisitor,templar
smoldering fists	bruiser
smoldering fists xii	bruiser
smoldering fists xiii	bruiser
smuggle	brigand,swashbuckler
snap of the wrist	swashbuckler
snap of the wrist xii	swashbuckler
snap of the wrist xiii	swashbuckler
snare	fury,warden
snaring shot	ranger
sneak	brigand,swashbuckler
sneak attack	assassin,beastlord,brigand,dirge,ranger,swashbuckler,troubador
sneak attack xii	ranger
sneak attack xiii	ranger
snipe	ranger
snipe xii	ranger
snipe xiii	ranger
sniper shot	ranger
snow-filled steps	wizard
solar flare	wizard
solar flare xii	wizard
solar flare xiii	wizard
solar flare xiv	wizard
solar flare xv	wizard
song of magic	troubador
song of magic xii	troubador
song of magic xiii	troubador
songster's luck	dirge,troubador
songster's luck xii	dirge
songster's luck xiii	dirge
sonic punch	bruiser
soothe	inquisitor,templar
soothe servant	conjuror,necromancer
soothing sermon	inquisitor,templar
soul cannibalize	defiler
soulrend	shadowknight
soulrend xii	shadowknight
soulrend xiii	shadowknight
soulrot	necromancer
soulrot xii	necromancer
soulrot xiii	necromancer
soulrot xiv	necromancer
soulrot xv	necromancer
sparkling blade	dirge,troubador
spectral ward	defiler,mystic
speechless	illusionist
speechless xii	illusionist
spell curse	coercer
spellshield	illusionist
spine shot	assassin
spine shot xii	assassin
spirit guide	defiler,mystic
spirit of the badger	defiler,mystic
spirit of the bat	fury,warden
spirit of the bull	defiler,mystic
spirit of the mammoth	mystic
spirit of the mammoth xii	mystic
spirit of the wolf	defiler,fury,mystic,warden
spirits	mystic
spirits xii	mystic
spirits xiii	mystic
spiritual circle	defiler
spiritual seal	defiler,mystic
splinter of essence	conjuror,necromancer
spurious bravado	swashbuckler
staggering stance	bruiser,monk
stalk	assassin,ranger
stalk xii	assassin,ranger
stalk xiii	assassin,ranger
stalker's resolve	ranger
stance: brawler's stance	bruiser,monk
stance: knight's stance	paladin,shadowknight
stance: offense	berserker,bruiser,guardian,monk,paladin,shadowknight
stance: soldier's stance	berserker,guardian
stance: toughness	berserker,bruiser,guardian,monk,paladin,shadowknight
stand firm	berserker,guardian
starnova	fury
static pulse	coercer,conjuror,illusionist,necromancer,warlock,wizard
steady bow	ranger
stealth	assassin,ranger
stealth assault	assassin
stealth assault xii	assassin
stinging swarm	fury,warden
stone deaf	bruiser
stoneskin	conjuror
storm of arrows	ranger
storm of lightning	coercer,conjuror,illusionist,necromancer,warlock,wizard
storm of lightning xii	wizard
storm of lightning xiii	wizard
storm of shale	warden
storm of steel	swashbuckler
stormbringer's resolve	fury
storming tempest	wizard
strangling throw	brigand,swashbuckler
stream of arrows	ranger
street smarts	brigand,swashbuckler
street smarts xii	brigand
street smarts xiii	brigand
striking cobra	monk
striking cobra xii	monk
striking cobra xiii	monk
stunning blow	brigand
stunning roar	berserker
stupefy	coercer,illusionist
subterfuge	fury,warden
subtle strikes	berserker,bruiser,guardian,monk,paladin,shadowknight
sucker punch	bruiser
summon food and water	channeler,defiler,fury,inquisitor,mystic,templar,warden
summon shadows	warlock,wizard
summoner's mark	conjuror,necromancer
summoners siphon	conjuror
surge of ro	wizard
survival instincts	assassin,ranger
survival instincts xii	ranger
swarthy deception	swashbuckler
swill	inquisitor
sylvan bloom	warden
sylvan bloom xii	warden
sylvan bloom xiii	warden
sylvan bloom xiv	warden
sylvan bloom xv	warden
sylvan embrace	warden
sylvan touch	fury,warden
sylvan wind	fury,warden
symbol of marzin	templar
symbol of marzin xii	templar
symbol of transal	inquisitor,templar
synergism	illusionist
taffo's brilliant blade	dirge,troubador
tap essence	troubador
tap essence xii	troubador
tap veins	shadowknight
tarven's crippling crescendo	dirge
tarven's crippling crescendo xii	dirge
tarven's crippling crescendo xiii	dirge
taunt	berserker,bruiser,guardian,monk,paladin,shadowknight
taunting assault	guardian
taunting blow	berserker,guardian
taunting blow xii	guardian
taunting blow xiii	guardian
taunting blow xiv	guardian
taunting slap	bruiser,monk
taunting strike	guardian
teachings of the underworld	necromancer
teachings of the underworld xii	necromancer
teachings of the underworld xiii	necromancer
tease	swashbuckler
tease xii	swashbuckler
tellurian recruit	conjuror,necromancer
tempest	fury
tempest xii	fury
tempest xiii	fury
tempest xiv	fury
tenacity	inquisitor
tenacity xii	inquisitor
tenacity xiii	inquisitor
tendrils of horror	defiler
terror chant	defiler
terror chant xii	defiler
terror chant xiii	defiler
theorems	illusionist
thieves guild	brigand
thorncoat	warden
thorncoat xii	warden
thorncoat xiii	warden
thorncoat xiv	warden
thornskin	fury
thornskin xii	fury
thornskin xiii	fury
thornskin xiv	fury
thorny trap	ranger
thrust kick	bruiser,monk
thunderbolt	fury
thunderbolt xii	fury
thundering fists	bruiser,monk
thunderous overture	troubador
thunderous overture xii	troubador
thuri's doleful thrust	dirge
thuri's doleful thrust xii	dirge
thuri's doleful thrust xiii	dirge
thuri's doleful thrust xiv	dirge
tongue twist	warlock,wizard
torment	inquisitor
torment xii	inquisitor
torment xiii	inquisitor
torment xiv	inquisitor
tormenting conversion	inquisitor
torpor	mystic
torture	assassin
torture xii	assassin
torture xiii	assassin
totemic aid	defiler,mystic
touch of life	templar
touch of resistance	inquisitor
tower of stone	guardian
tracing shot	ranger
tracing wound	assassin
tracking	assassin,beastlord,brigand,dirge,ranger,swashbuckler,troubador
tranquil vision	monk
tranquility	warden
transcendence	mystic
transcendence xii	mystic
transcendence xiii	mystic
transfer life	necromancer
trick shot	ranger
trick shot xii	ranger
triple shot	ranger
triple shot xii	ranger
tsunami	monk
tunare's watch	warden
tyrant's pact	wizard
tyrant's pact xii	wizard
tyrant's pact xiii	wizard
tyrant's resolve	wizard
ultraviolet beam	illusionist
ultraviolet beam xii	illusionist
ultraviolet beam xiii	illusionist
ultraviolet beam xiv	illusionist
ultraviolet beam xv	illusionist
umbral trap	defiler,mystic
umbral warding	mystic
umbral warding xii	mystic
umbral warding xiii	mystic
unbroken	monk
undead horde	necromancer
undead knight	necromancer
undead knight xii	necromancer
undead knight xiii	necromancer
undead knight xiv	necromancer
undergrowth	warden
unending agony	shadowknight
unending agony xii	shadowknight
unending agony xiii	shadowknight
unflinching will	berserker
unflinching will xii	berserker
unflinching will xiii	berserker
unholy blessing	shadowknight
unholy blessing xii	shadowknight
unholy blessing xiii	shadowknight
unholy covenant	necromancer
unholy covenant xii	necromancer
unholy covenant xiii	necromancer
unholy hunger	shadowknight
unholy hunger xii	shadowknight
unholy hunger xiii	shadowknight
unholy stampede	shadowknight
unholy strength	shadowknight
unholy strength xii	shadowknight
unliving eyes	necromancer
unswerving hammer	templar
untamed regeneration	fury
untamed regeneration xii	fury
untamed regeneration xiii	fury
untamed shroud	fury
unveil	coercer
unyielding advance	paladin,shadowknight
unyielding benediction	templar
unyielding will	berserker,guardian
uppercut	bruiser
ursine avatar	mystic
ursine avatar xii	mystic
vacuum field	warlock
vacuum field xii	warlock
vacuum field xiii	warlock
vacuum field xiv	warlock
vampire bats	conjuror,necromancer
vampirism	necromancer
vehemence	defiler
vehemence xii	defiler
vehement skin	conjuror
veil of the unseen	coercer,illusionist
velium winds	mystic
velium winds xii	mystic
velium winds xiii	mystic
velium winds xiv	mystic
velocity	coercer
vengeance	inquisitor
verdant whisper	warden
verdict	inquisitor
verdure	fury,warden
verdurous journey	warden
verlien's keen of despair	dirge
verlien's keen of despair xii	dirge
verlien's keen of despair xiii	dirge
vexing verses	troubador
vexing verses xii	troubador
vexing verses xiii	troubador
vigor	fury,warden
vigor of trust	paladin,shadowknight
villainy	assassin
villainy xii	assassin
villainy xiii	assassin
virtue	templar
virtue xii	templar
viscerate	swashbuckler
viscerate xii	swashbuckler
viscerate xiii	swashbuckler
viscerate xiv	swashbuckler
vision of madness	berserker
vital intercession	templar
vital intercession xii	templar
vital intercession xiii	templar
vital intercession xiv	templar
vital strike	brigand
vital transfer	wizard
vital transfer xii	wizard
vital transfer xiii	wizard
vivication	defiler
vivid seal	warlock,wizard
voice of the ancestors	defiler
void contract	warlock
void contract xii	warlock
void contract xiii	warlock
wail of the banshee	dirge
wailing haze	defiler,mystic
waking dragon	monk
waking dragon xii	monk
waking dragon xiii	monk
wall of rage	berserker
wall of rage xii	berserker
wall of rage xiii	berserker
walt's singing blade	dirge,troubador
war cry	berserker
war cry xii	berserker
ward of the untamed	warden
warden of the forest	warden
warden of the forest xii	warden
wards of spirit	defiler,mystic
wards of the eidolon	mystic
warring deities	templar
warring deities xii	templar
water spirit	mystic
watery respite	templar
weakness	channeler,defiler,fury,inquisitor,mystic,templar,warden
weapon counter	berserker
whirl	berserker,bruiser,guardian,monk,paladin,shadowknight
whirling blades	assassin
whirling blades xii	assassin
wild accretion	defiler
wild accretion xii	defiler
wild accretion xiii	defiler
wild spirit	fury,warden
wild swing	berserker,bruiser,guardian,monk,paladin,shadowknight
will of the heavens	monk
will of the heavens xii	monk
will of the heavens xiii	monk
willow wisp	warden
willow wisp xii	warden
willow wisp xiii	warden
willowskin	fury,warden
wind walk	monk
winds of healing	warden
winds of healing xii	warden
winds of healing xiii	warden
winds of permafrost	warden
winds of renewal	fury,warden
winds of velious	conjuror
winter's sting	warden
word of redemption	templar
word of redemption xii	templar
word of redemption xiii	templar
wound	berserker,guardian
wrath	channeler,defiler,fury,inquisitor,mystic,templar,warden
wrath of the ancients	mystic
wrath stance	paladin
wrath stance xii	paladin
wrath stance xiii	paladin
zander's choral rebuff	dirge,troubador
